Epoch_15,Epoch_24,Epoch_37,Epoch_59
When You See Jon Snow.,Sabrina: Night After,Year 17,The True Knight
The Other Woman on the Bridge,Sabrina All the Brown,Year Nine,Clu'er Tel Aviv
Rendezvous at Last,The Cat Lady,Year 19,Just Another Day
Thorne.,That Cowgirl Is To Cry.,How to Eve,St. Louis
A Walk on the Moon.,The Chimes,Year 28,And God Be Shabazz
Tango in the Sky,The Purple Rain,Year 117,Lucie Page
Vampire in the Dark.,,Year 86,Bram
Kung Fu,Sabine: All the Beloved,Year 45,
A Kiss in the Coffin,Jeanne and the Chocolate Factory,Year Four,Farewell Myself
Pauper.,That's All That Matters.,Year 25,And Other Catastrophes
Sleepy Hollow.,That means I'm good!,Year 84,Few
The Last of the Mohicans .,Sabrina Part 2,Year 15,The Pale Rider
Wife of the King.,The Truth About Cats,Year 144,Le Sand
The Old Kingdom.,Sabrina's Fun,Year 143,On the Bridge
What to Do When You See Jon Snow.,No.,Year 120,Dé Jà Vu
