Epoch_10,Epoch_15,Epoch_24,Epoch_37,Epoch_59
Gingerly Pear,Dissident Red,Humble Mint,Wish of the West,Muted Fruit
Duck,Creamy Pineapple,Smell Orange,Duckling Blueberries,Lavish Lavender
Frozen Fruit,Cape Brown,Fresh Pink,Golden Glamour,Coral Glow
Mullet,Smoky Orange,Mellow Crème,Foggy Time,Pesto Nuit
Pellet,Humble Orange,Sanguinary Red,Cute Mammoth,Lava Tonic
Dairy,Green Roast,Bismuth,Purple Cloud,Sail on Sea
Lunch,Minted Mist,Cigarette,Aquaman,Fernweh Kiss
Mushroom Gold,Sugar Doodle,Bacon and Thyme,Mellow Mauve,Momo Honey
Crimson,Hole of the Month,Sweet Corn Frost,Caramelized Sugar,Purple Pleasure
Fluffy,Pink Serenade,Gentle Lime,Lion’s Den,Dark Brew
Rose,Horny White,Munch Madness,Racing Carpet,Fennel Buttercup
Hot Pepper,Faux Gold,Pasta Mornaise,Koreashii,Mango Macaroon
Overtone,Pineapple Dream,Sesame Cream,Tropical Fuchsia,Fertility Centipede
Vacation,Amber Plum,Dive in a Dream,Coconut Grass,Fusion
Frozen Peach,Frozen Custard,Peafo,Rural Garden,Hippy Salmon
